facility_name,address_full,epa_class,srn,date_updated,old_violation_count,violations_parsed,new_violation_count
WHEELOCK & SONS WELDING SHOP,"9954 N Long Lake Rd, Traverse City, MI 49684",MINOR,N6813,2024-10-16,1,1,2
CREATIVE FOAM CORP,"300 N Alloy Dr, Fenton, MI 48430",SM OPT OUT,N2115,2024-10-16,0,1,1
BELL SITE DEVELOPMENT,"5100 Hudson Road, Waterford, MI 48329",None,P1360,2024-10-16,0,1,1
DE SAEGHER ENERGY LLC,"8068 W Buchanan Road, Middleton, MI 48856",,P1256,2024-10-15,1,1,2
HARVEST OAK MANUFACTURING,"804 North Matteson Street, Bronson, MI 49028",SM OPT OUT,P0862,2024-10-15,1,1,2
KOREX CORP,"50000 Pontiac Trail, Wixom, MI 48393",SM OPT OUT,B5619,2024-10-15,7,1,8
GLWA WATER RESOURCE RECOVERY FACILITY,"9300 W. Jefferson Ave, Detroit, MI 48209",MAJOR,B2103,2024-10-14,2,2,4
"HUTCHINSON ANTIVIBRATION SYSTEMS, INC.","460  Fuller Ave. NE, Grand Rapids, MI 49503",MAJOR,E5094,2024-10-08,1,1,2
HEMLOCK SEMICONDUCTOR OPERATIONS LLC,"12334  Geddes Rd., Hemlock, MI 48626",MAJOR,B2644,2024-10-07,2,1,3
PLYMOUTH ROAD I LLC C/O DELTA MANAGEMENT CO,"14250  Plymouth Rd, Detroit, MI 48227",MAJOR,A8627,2024-10-07,0,1,1
INDUSTRIAL METAL COATINGS INC,"6070 18 Mile Rd, Sterling Hts, MI 48314",MINOR,N5145,2024-10-03,17,1,18
BACCO CONSTRUCTION CO PLANT PUC-10250,"N3676 Us 2, Iron Mountain, MI 49801",SM OPT OUT,P0781,2024-10-02,0,1,1
TUSCOLA ENERGY - NIXON FARMS,"7611 Bay City Forestville Rd, Akron, MI 48701",SM OPT OUT,N1586,2024-10-01,3,1,4
ASCENSION GENESYS HOSPITAL,"One Genesys Parkway, Grand Blanc, MI 48439",SM OPT OUT,N6016,2024-10-01,1,1,2
AMERICAN RACK COMPANY,"1125 Morren Court, Wayland, MI 49348",SM OPT OUT,P0893,2024-09-30,3,1,4
GERDAU MACSTEEL MONROE MILL,"3000 E Front Street, Monroe, MI 48161",MAJOR,B7061,2024-09-30,8,1,9
WESTROCK-MULTI PACKAGING SOLUTIONS,"504 Eastern Avenue, Allegan, MI 49010",MINOR,N6727,2024-09-30,0,1,1
SEKISUI VOLTEK LLC.,"17  Allen Ave., Coldwater, MI 49036",MAJOR,B8786,2024-09-26,0,1,1
"BRIGHTMARK WILLOW POINT RNG, LLC","5301 Flannigan Road, Orleans, MI 48886",,P1157,2024-09-25,1,1,2
"BRIGHTMARK CASTOR RNG, LLC","18080 80Th Avenue, Coopersville, MI 49404",,P1125,2024-09-25,2,1,3
"BRIGHTMARK MEADOW ROCK RNG, LLC","7691 Russel Road, Greenville, MI 48838",,P1152,2024-09-25,1,1,2
DT MIDSTREAM - WASHINGTON 10 COMPRESSOR STATION,"12700  30 Mile Road, Washington, MI 48095",MAJOR,N3391,2024-09-25,1,1,2
LACKS INDUSTRIES INC,"4260 Airlane SE, Kentwood, MI 49512",MAJOR,N0895,2024-09-24,2,1,3
"LACKS INDUSTRIES, INC.","4375 52Nd Street SE, Kentwood, MI 49512",MEGASITE,N2079,2024-09-24,6,1,7
"NEW COVERT GENERATING COMPANY, LLC","26000 77th Street, Covert, MI 49043",MAJOR,N6767,2024-09-23,3,1,4
BRUCE WALDRON EXCAVATING,"8340 Parks Road, Elwell, MI 48832",MINOR,P1166,2024-09-20,1,1,2
SOUTHERN MICHIGAN CREMATION SERVICES R.O. INC.,"4839 Fernlee Avenue, Royal Oak, MI 48073",MINOR,P0932,2024-09-18,5,1,6
WHEELOCK & SONS WELDING SHOP,"9954 N Long Lake Rd, Traverse City, MI 49684",MINOR,N6813,2024-09-17,0,1,1
JAGUAR ENERGY - WEXFORD 10 FACILITY,"7 Mile Rd., Buckley, MI 49620",SM OPT OUT,B5588,2024-09-17,3,1,4
UNIVERSAL CASKET COMPANY,"17664 Chain Lake, Cassopolis, MI 49031",,P1371,2024-09-16,0,1,1
"PYRAMID PEAK COATINGS, LCC","630 S Chestnut Street, Owosso, MI 48867",SM OPT OUT,N2362,2024-09-13,0,1,1
THE ANDERSONS MARATHON HOLDINGS LLC,"26250 B Dr N, Sheridan Twp, MI 49224",MAJOR,B8570,2024-09-12,5,1,6
"PPG INDUSTRIES, INC.","1855  Industrial Dr., Grand Haven, MI 49417",MINOR,N2033,2024-09-11,0,1,1
"BARRON INDUSTRIES, INC.","215 Plexus Dr, Oxford, MI 48371",MINOR,N2631,2024-09-06,0,1,1
R L M INDUSTRIES INC,"100 Hummer Lake Rd, Oxford, MI 48371",MINOR,B7348,2024-09-06,1,1,2
BECKER METAL WORKS,"800 Fred Moore Hwy, Saint Clair, MI 48079",MINOR,N3842,2024-09-06,0,1,1
TRIBAR TECHNOLOGIES INC (PLANT 5),"48668 Alpha Drive, Wixom, MI 48393",MINOR,P0727,2024-09-05,6,1,7
DTE GAS COMPANY  - COLUMBUS COMPRESSOR STATION,"1647  Caughill Road, Columbus, MI 48063",MAJOR,B6480,2024-08-27,0,1,1
KOREX CORP,"50000 Pontiac Trail, Wixom, MI 48393",SM OPT OUT,B5619,2024-08-27,6,1,7
MOLD MASTERS COMPANY,"1455  Imlay City Road, Lapeer, MI 48446",SM OPT OUT,A2809,2024-08-26,10,1,11
HARVEST OAK MANUFACTURING,"804 North Matteson Street, Bronson, MI 49028",SM OPT OUT,P0862,2024-08-20,0,1,1
KOREX CORP,"50000 Pontiac Trail, Wixom, MI 48393",SM OPT OUT,B5619,2024-08-17,5,1,6
METALTEC STEEL ABRASIVE CO,"41155 Joy Rd, Canton Twp, MI 48187",MINOR,N1022,2024-08-16,1,1,2
MARTIN TECHNOLOGIES,"55390 Lyon Industrial Dr., New Hudson, MI 48165",SM OPT OUT,N7564,2024-08-16,5,1,6
"RECONSERVE OF MICHIGAN, INC.","170 Angell Street, Battle Creek, MI 49037",SM OPT OUT,N8081,2024-08-16,7,1,8
MACOMB COUNTY ANIMAL CONTROL,"21417 Dunham, Clinton Twp, MI 48036",MINOR,M3511,2024-08-15,2,1,3
ALLOY RESOURCE CORPORATION,"2281 Port City Blvd, Muskegon, MI 49442",SM OPT OUT,N7888,2024-08-13,1,1,2
KOREX CORP,"50000 Pontiac Trail, Wixom, MI 48393",SM OPT OUT,B5619,2024-08-13,4,1,5
DGP INC.,"3260  Fenner St., Marlette, MI 48453",MAJOR,N2383,2024-08-12,2,1,3
"PLASTIC TRIM INTERNATIONAL, INC.","935 Aulerich Road, East Tawas, MI 48730",MINOR,N3592,2024-08-12,4,1,5
MOLD MASTERS LIMITED,"29111 Stephenson Highway, Madison Hts, MI 48071",MINOR,P0609,2024-08-09,1,1,2
NATRON ENERGY INC,"70 W 84Th Street, Holland, MI 49423",,P1361,2024-08-08,0,1,1
"NEW COVERT GENERATING COMPANY, LLC","26000 77th Street, Covert, MI 49043",MAJOR,N6767,2024-08-07,2,1,3
WOODLAND MEADOWS RDF,"5900 Hannan, Wayne, MI 48184",MAJOR,M4449,2024-08-07,3,1,4
DELTA SOLID WASTE MANAGEMENT AUTHORITY,"5701 19th Avenue N, Escanaba, MI 49829",MAJOR,N6035,2024-08-06,2,1,3
CLARIOS APS PRODUCTION,"Meadowbrook Facility, Holland, MI 49423",SM OPT OUT,P0194,2024-08-02,1,1,2
GMI - HMA PLANT 19,"2675 Treat Rd, Adrian, MI 49221",SM OPT OUT,B7068,2024-08-01,2,1,3
"BRIGHTMARK SUNRYZ RNG, LLC","8460 West Mulberry Road, Morenci, MI 49256",,P1158,2024-07-31,0,1,1
SMITHS CREEK LANDFILL,"6779  Smiths Creek Road, Smiths Creek, MI 48074",MAJOR,N6207,2024-07-29,8,1,9
"CADILLAC ASPHALT LLC., WIXOM","51777 W 12 Mile Rd, Wixom, MI 48393",SM OPT OUT,B1960,2024-07-29,0,1,1
WOODLAND MEADOWS RDF,"5900 Hannan, Wayne, MI 48184",MAJOR,M4449,2024-07-25,2,1,3
SOUTHERN MICHIGAN CREMATION SERVICES R.O. INC.,"4839 Fernlee Avenue, Royal Oak, MI 48073",MINOR,P0932,2024-07-21,4,1,5
"MOLDED PLASTIC INDUSTRIES, INC.","2382  Jarco Dr, Holt, MI 48842",MAJOR,N0034,2024-07-21,0,1,1
BEDNARYCZK FARMS LLC,"8209 Van Dyke Rd, Marlette, MI 48453",MINOR,N7942,2024-07-21,0,1,1
VERSATILE WOOD SOLUTIONS,"11335 Apple Drive, Nunica, MI 49448",MINOR,P0334,2024-07-12,0,1,1
POWDER COTE II,"60 N Rose St, Mount Clemens, MI 48043",MINOR,N3308,2024-07-12,0,1,1
SILICONATURE CORPORATION,"4255 68Th Street Se, Caledonia, MI 49316",SM OPT OUT,P0742,2024-07-10,0,1,1
LAKELAND MONROE GROUP - PLANT 2,"5400 36th St SE, Grand Rapids, MI 49512",SM OPT OUT,N7645,2024-07-09,1,1,2
"ARBOR HILLS LANDFILL, INC.","10690 W. Six Mile Rd, Northville, MI 48168",MAJOR,N2688,2024-07-09,37,1,38
HOLCIM (US) INC. DBA LAFARGE ALPENA PLANT,"1435  Ford Avenue, Alpena, MI 49707",MAJOR,B1477,2024-07-03,12,1,13
INDUSTRIAL METAL COATINGS INC,"6070 18 Mile Rd, Sterling Hts, MI 48314",MINOR,N5145,2024-07-03,16,1,17
MICHIGAN SUGAR COMPANY - BAY CITY,"2600 S Euclid Ave, Bay City, MI 48706",MAJOR,B1493,2024-07-02,17,1,18
MAGNA MIRRORS CORPORATION,"3575 128th Aveune, Holland, MI 49424",SM OPT OUT,N1781,2024-07-02,1,1,2
WORTHEN COATED FABRICS,"1125 41St Street SE, Grand Rapids, MI 49508",MAJOR,P0634,2024-06-26,6,1,7
AXALTA COATING SYSTEMS USA LLC,"400 Groesbeck Hwy, Mount Clemens, MI 48043",MAJOR,A3569,2024-06-26,3,1,4
ROSEVILLE CRUSHED CONCRETE,"29765 Groesbeck, Roseville, MI 48066",MINOR,N6658,2024-06-25,4,1,5
DELTA SOLID WASTE MANAGEMENT AUTHORITY,"5701 19th Avenue N, Escanaba, MI 49829",MAJOR,N6035,2024-06-25,1,1,2
ATMOSPHERE HEAT TREATING INC.,"30760 Century Dr., Wixom, MI 48393",MINOR,N7379,2024-06-24,0,1,1
SOUTHERN MICHIGAN CREMATION SERVICES R.O. INC.,"4839 Fernlee Avenue, Royal Oak, MI 48073",MINOR,P0932,2024-06-24,3,1,4
EDW C LEVY CO PLANT 6,"13800 Mellon Ave, Detroit, MI 48217",MAJOR,B4243,2024-06-21,15,1,16
"LAYLINE OIL & GAS, LLC- ST. A2","Nw 1/4 Nw 1/4 Of Sec 12, Harrison,   MI   49665",SM OPT OUT,P1075,2024-06-20,3,1,4
LAYLINE OIL & GAS LLC,"Section 12 T20N R06W, Leota, MI 49665",,P1318,2024-06-20,0,1,1
"KNAUF INSULATION, INC.","1000 E North St, Albion, MI 49224",MAJOR,B7205,2024-06-20,3,1,4
BILLCO PRODUCTS,"1373 S Lincoln Ave, Holland, MI 49423",,N0984,2024-06-17,0,1,1
ERVIN AMASTEEL DIVISION,"915  Tabor St., Adrian, MI 49221",MAJOR,B1754,2024-06-14,3,1,4
"POET BIOREFINING - CARO, LLC","1551 Empire Drive, Caro, MI 48723",MAJOR,N6996,2024-06-13,5,1,6
"VIBRACOUSTIC USA, INC.","180 Dawson St, Sandusky, MI 48471",SM OPT OUT,A6445,2024-06-13,0,1,1
DRAYTON IRON AND METAL CO,"5229 Williams Lake Rd, Drayton Plns, MI 48020",MINOR,B5465,2024-06-12,5,1,6
LAPEER COUNTY ANIMAL CONTROL,"2396 W Genesee, Lapeer, MI 48846",MINOR,N5115,2024-06-12,1,1,2
HOLCIM,"15215  Day Rd, Dundee, MI 48131",MINOR,B1743,2024-06-06,2,1,3
ASCENSION GENESYS HOSPITAL,"One Genesys Parkway, Grand Blanc, MI 48439",SM OPT OUT,N6016,2024-05-29,0,1,1
BRUCE WALDRON EXCAVATING,"8340 Parks Road, Elwell, MI 48832",MINOR,P1166,2024-05-29,0,1,1
R L M INDUSTRIES INC,"100 Hummer Lake Rd, Oxford, MI 48371",MINOR,B7348,2024-05-29,0,1,1
MARQUETTE BOARD OF LIGHT & POWER,"Powder Mill Road Off Of County Road 550, Marquette, MI 49855",,N5887,2024-05-28,0,1,1
ELITE CLEANROOM SERVICES,"548 S Court Street, Lapeer, MI 48446",MINOR,P0455,2024-05-28,1,1,2
MID-MICHIGAN CRUSHING & RECYCLING INC,"15111 Oakland Ave, Highland Park, MI 48203",MINOR,N8316,2024-05-24,3,1,4
CREATIVE FOAM CORPORATION,"555 Fenway Drive, Fenton, MI 48430",SM OPT OUT,N6574,2024-05-24,0,1,1
MOLD MASTERS COMPANY,"1455  Imlay City Road, Lapeer, MI 48446",SM OPT OUT,A2809,2024-05-24,9,1,10
JOSEPH LUNGHAMER CHEVROLET INC,"475 Summit Dr, Waterford, MI 48328",SM OPT OUT,N3789,2024-05-23,0,1,1
DOUBLE EAGLE STEEL COATING COMPANY,"3000 Miller Rd, Dearborn, MI 48120",,N1089,2024-05-21,0,1,1
SOUTHERN MICHIGAN CREMATION SERVICES R.O. INC.,"4839 Fernlee Avenue, Royal Oak, MI 48073",MINOR,P0932,2024-05-21,2,1,3
OTTAWA COUNTY FARMS LANDFILL,"15550  68Th Avenue, Coopersville, MI 49404",MAJOR,N3294,2024-05-17,0,1,1
SPARKS BELTING COMPANY,"5005 Kraft Avenue, Grand Rapids, MI 49512",SM OPT OUT,P1156,2024-05-16,0,1,1
OATSVALL CONSTRUCTION LLC,"500 W Us 12, Galien, MI 49113",,P1369,2024-05-15,0,1,1
INDUSTRIAL METAL COATINGS INC,"6070 18 Mile Rd, Sterling Hts, MI 48314",MINOR,N5145,2024-05-15,15,1,16
PRATT INDUSTRIES INC.,"11365 Red Arrow Hwy., Bridgman, MI 49106",SM OPT OUT,N7486,2024-05-15,6,1,7
"SPARTAN FIRE, LLC","1663 Reynolds Rd, Charlotte, MI 48813",SM OPT OUT,N2503,2024-05-14,2,1,3
AMERICHEM SALES CORPORATION,"340 North Street, Mason, MI 48854",MINOR,M3648,2024-05-13,0,1,1
OTSEGO PAPER INC,"320 N Farmer St., Otsego, MI 49078",MAJOR,A0023,2024-05-13,1,1,2
"SPARTAN FIRE, LLC","1663 Reynolds Rd, Charlotte, MI 48813",SM OPT OUT,N2503,2024-05-13,1,1,2
"ARBOR HILLS LANDFILL, INC.","10690 W. Six Mile Rd, Northville, MI 48168",MAJOR,N2688,2024-05-10,35,2,37
"MICHIGAN SUGAR COMPANY, CROSWELL FACTORY","159 S Howard Ave, Croswell, MI 48422",MAJOR,B2876,2024-05-09,8,1,9
MIDWEST II,"6194 Section Rd, Ottawa Lake, MI 49267",MINOR,N2735,2024-05-08,0,1,1
"ACUMENT GLOBAL TECHNOLOGIES, BALDWIN OPERATIONS","4146 E Baldwin Rd, Holly, MI 48442",MINOR,N1705,2024-05-07,0,1,1
RICHARD-ALLAN SCIENTIFIC,"4481 Campus Drive, Kalamazoo, MI 49008",SM OPT OUT,N7418,2024-05-07,2,1,3
ORCHARD HILL SANITARY LANDFILL,"3290 Hennesey Rd, Watervliet, MI 49098",MAJOR,N5719,2024-05-06,0,1,1
ORIGINAL FOOTWEAR,"1005  Baldwin, Big Rapids, MI 49307",SM OPT OUT,B2981,2024-05-03,0,1,1
DIVERSCO CONSTRUCTION CO INC,"570 Market SW, Grand Rapids, MI 49503",MINOR,P0151,2024-05-03,3,1,4
SHOOK ASPHALT CO. INC.,"8281 Snows Lake Rd., Greenville, MI 48838",SM OPT OUT,N7436,2024-05-03,2,1,3
ANGELO LUPPINO INC,"Pit Lane, Bessemer, MI 49911",,P1287,2024-05-02,0,1,1
ANGELO LUPPINO INC,"Pit Lane, Bessemer, MI 49911",,P1276,2024-05-02,0,1,1
THE TORO COMPANY,"1809 N Stephenson Ave, Iron Mountain, MI 49801",MINOR,N2907,2024-05-02,1,1,2
"SLOBODNIK GRAVEL & EXCAVATING, LLC","Norm Pestka Quarry, Rockland, MI 49960",MINOR,P1039,2024-05-02,0,1,1
"VERRETTE MATERIALS, INC","24 Mile Road, Daggett, MI 49821",MINOR,P0950,2024-05-02,1,1,2
ZOETIS LLC,"2605 East Kilgore Rd, Kalamazoo, MI 49001",MINOR,B7149,2024-05-01,0,1,1
"GOMA RNG, LLC","3875 Aitken Road, Marlette, MI 48453",MINOR,P1192,2024-04-30,0,1,1
"PLASTIC TRIM INTERNATIONAL, INC.","935 Aulerich Road, East Tawas, MI 48730",MINOR,N3592,2024-04-24,3,1,4
EES COKE BATTERY L.L.C.,"1400 Zug Island Road, River Rouge, MI 48209",MEGASITE,P0408,2024-04-22,6,1,7
"FAURECIA INTERIOR SYSTEMS SALINE, LLC","7700  Michigan Ave, Saline, MI 48176",MAJOR,B2063,2024-04-19,3,1,4
GENESEE POWER STATION LIMITED PARTNERSHIP,"G 5310 North Dort Highway, Flint, MI 48505",MAJOR,N3570,2024-04-19,2,1,3
DRAYTON IRON AND METAL CO,"5229 Williams Lake Rd, Drayton Plns, MI 48020",MINOR,B5465,2024-04-16,4,1,5
MOLD MASTERS COMPANY,"1455  Imlay City Road, Lapeer, MI 48446",SM OPT OUT,A2809,2024-04-12,8,1,9
TUSCOLA ENERGY - RICHFIELD GAS PLANT,"7770  Mctaggart Rd, North Branch, MI 48461",MAJOR,B5462,2024-04-11,3,1,4
"ARISTEO INSTALLATION, LLC","11341 West Vienna Road, Montrose, MI 48457",SM OPT OUT,P0972,2024-04-11,0,1,1
"BRIGHTMARK CASTOR RNG, LLC","18080 80Th Avenue, Coopersville, MI 49404",,P1125,2024-04-10,1,1,2
NEENAH PAPER - MICHIGAN INC,"501 E Munising Ave, Munising, MI 49862",MAJOR,B1470,2024-04-09,1,1,2
"DICASTAL NORTH AMERICA, INC.","1 Dicastal Dr., Greenville, MI 48838",SM OPT OUT,N7688,2024-04-06,9,1,10
EAGLE INDUSTRIES INC,"30926 Century Dr, Wixom, MI 48393",MAJOR,N7578,2024-04-04,2,1,3
MAHLE INDUSTRIES INCORPORATED,"2020 Sanford Street, Muskegon Hts, MI 49444",MAJOR,A4302,2024-04-04,1,1,2
EDW C LEVY CO PLANT 6,"13800 Mellon Ave, Detroit, MI 48217",MAJOR,B4243,2024-04-02,14,1,15
ROGERS PRINTING INC,"3350 Main St, Ravenna, MI 49451",SM OPT OUT,A4216,2024-04-02,7,1,8
"KNAUF INSULATION, INC.","1000 E North St, Albion, MI 49224",MAJOR,B7205,2024-04-02,2,1,3
WORTHEN COATED FABRICS,"1125 41St Street SE, Grand Rapids, MI 49508",MAJOR,P0634,2024-04-02,5,1,6
POTLATCHDELTIC LAND & LUMBER LLC.,"650 A  Avenue, Gwinn, MI 49841",MAJOR,N5940,2024-04-02,0,1,1
CENTRAL MICHIGAN UNIVERSITY,"1720 S. East Campus Drive, Mount Pleasant, MI 48859",MAJOR,K2460,2024-03-30,0,1,1
ROSATI SPECIALTIES,"24200 Capital Blvd., Clinton Twp, MI 48036",SM OPT OUT,P0808,2024-03-30,0,2,2
MICHIGAN SUGAR COMPANY - BAY CITY,"2600 S Euclid Ave, Bay City, MI 48706",MAJOR,B1493,2024-03-30,16,1,17
DIAMOND CHROME PLATING INC,"604 S Michigan, Howell, MI 48843",MINOR,A2931,2024-03-21,5,1,6
SMITHS CREEK LANDFILL,"6779  Smiths Creek Road, Smiths Creek, MI 48074",MAJOR,N6207,2024-03-21,7,1,8
ELITE FENCE PRODUCTS INC.,"50925 Richard W. Blvd., Chesterfield, MI 48051",MINOR,N5706,2024-03-20,0,1,1
BULK GUYS LLC,"2530 Vicksburg St, Marysville, MI 48040",MINOR,P1383,2024-03-20,1,1,2
MICHIGAN SUGAR COMPANY - BAY CITY,"2600 S Euclid Ave, Bay City, MI 48706",MAJOR,B1493,2024-03-20,15,1,16
HEMLOCK SEMICONDUCTOR OPERATIONS LLC,"12334  Geddes Rd., Hemlock, MI 48626",MAJOR,B2644,2024-03-20,1,1,2
NORTHWEST HARDWOODS,"657 76Th St Sw, Grand Rapids, MI 49315",MINOR,E4437,2024-03-13,0,1,1
"CRIMSON HOLDINGS, LLC","1336 E Maumee St, Adrian, MI 49221",MINOR,E8117,2024-03-13,9,1,10
TRIBAR TECHNOLOGIES INC (PLANT 3),"29883 Beck Road, Wixom, MI 48393",SM OPT OUT,N7202,2024-03-13,0,1,1
PIONEER METAL FINISHING - STEPHENS ROAD,"13251 Stephens Road, Warren, MI 48089",SM OPT OUT,N6388,2024-02-29,2,1,3
"PEOPLES LANDFILL, INC.","4143  E. Rathbun Rd., Birch Run, MI 48415",MAJOR,N5397,2024-02-26,0,1,1
BPV ENVIRONMENTAL LLC,"511 76Th Street Sw, Byron Center, MI 49315",MINOR,P1036,2024-02-22,0,1,1
MOLD MASTERS COMPANY,"1455  Imlay City Road, Lapeer, MI 48446",SM OPT OUT,A2809,2024-02-22,7,1,8
ALUDYNE,"250 Adams Avenue, Alma, MI 48801",MINOR,B2864,2024-02-20,1,1,2
FUSION FLEXO,"156 10Th St, Plainwell, MI 49080",MINOR,N2020,2024-02-16,0,1,1
MOLD MASTERS COMPANY,"1455  Imlay City Road, Lapeer, MI 48446",SM OPT OUT,A2809,2024-02-16,6,1,7
ESSENTRA POROUS TECHNOLOGIES,"5301 S Graham Rd, Saint Charles, MI 48655",MINOR,N3900,2024-02-15,0,1,1
TUSCOLA ENERGY - RICHFIELD GAS PLANT,"7770  Mctaggart Rd, North Branch, MI 48461",MAJOR,B5462,2024-02-15,2,1,3
ACTION PACKAGING,"2400 E High St, Jackson, MI 49203",MINOR,N3293,2024-02-13,0,1,1
MARATHON PETROLEUM COMPANY LP,"1001 S Oakwood, Detroit, MI 48217",MEGASITE,A9831,2024-02-02,11,1,12
"MOD INTERIORS, INCORPORATED","9301 Marine City Hwy, Ira Twp, MI 49023",SM OPT OUT,N7499,2024-02-01,3,1,4
MICHIGAN FOAM PRODUCTS LLC,"1820 Chicago Dr  SW, Grand Rapids, MI 49519",MAJOR,N3078,2024-01-31,6,1,7
X-CEL INDUSTRIES INC.,"21121 Telegraph Rd, Southfield, MI 48034",SM OPT OUT,N6594,2024-01-31,0,1,1
TRIBAR TECHNOLOGIES INC (PLANT 4),"30540 Beck Rd, Wixom, MI 48393",MINOR,N7809,2024-01-31,1,1,2
"ZEELAND FARM SERVICES, INC.","2468  84th Ave, Zeeland, MI 49464",MAJOR,M4204,2024-01-30,1,1,2
"SMR AUTOMOTIVE SYSTEMS USA, INC.","1875 Busha Highway, Marysville, MI 48040",SM OPT OUT,N7411,2024-01-30,0,1,1
"LTI PRINTING, INC.","518 N Centerville Rd, Sturgis, MI 49091",MINOR,A6405,2024-01-26,7,1,8
GMI - HMA PLANT 19,"2675 Treat Rd, Adrian, MI 49221",SM OPT OUT,B7068,2024-01-25,1,1,2
"SPARTAN FIRE, LLC","1663 Reynolds Rd, Charlotte, MI 48813",SM OPT OUT,N2503,2024-01-24,0,1,1
"LTI PRINTING, INC.","518 N Centerville Rd, Sturgis, MI 49091",MINOR,A6405,2024-01-23,6,1,7
GREAT LAKES CASTINGS LLC,"800 N. Washington Ave., Ludington, MI 49431",MAJOR,A3934,2024-01-23,0,1,1
GENERAL MOTORS LANSING GRAND RIVER ASSEMBLY,"920  Townsend St., Lansing, MI 48933",MAJOR,A1641,2024-01-22,0,1,1
"TUSCOLA ENERGY, INC.","7259 Mowatt Rd, North Branch, MI 48461",MINOR,B7394,2024-01-19,0,1,1
"ARBOR HILLS LANDFILL, INC.","10690 W. Six Mile Rd, Northville, MI 48168",MAJOR,N2688,2024-01-18,34,1,35
ERVIN AMASTEEL DIVISION,"915  Tabor St., Adrian, MI 49221",MAJOR,B1754,2024-01-18,2,1,3
GERDAU MACSTEEL MONROE MILL,"3000 E Front Street, Monroe, MI 48161",MAJOR,B7061,2024-01-18,7,1,8
SMITHS CREEK LANDFILL,"6779  Smiths Creek Road, Smiths Creek, MI 48074",MAJOR,N6207,2024-01-15,6,1,7
"CITIZENS DISPOSAL, INC.","2361 W. Grand Blanc Rd., Grand Blanc, MI 48439",MAJOR,N5991,2024-01-10,8,1,9
"RECONSERVE OF MICHIGAN, INC.","170 Angell Street, Battle Creek, MI 49037",SM OPT OUT,N8081,2024-01-04,6,1,7
SMITHS CREEK LANDFILL,"6779  Smiths Creek Road, Smiths Creek, MI 48074",MAJOR,N6207,2023-12-19,5,1,6
TRANSITIONS PET MEMORIAL SERVICES,"175 S Saginaw St, Pontiac, MI 48342",MINOR,P0230,2023-12-18,0,1,1
"MARTIN MARIETTA MAGNESIA SPECIALTIES, LLC","1800  Eastlake Rd., Manistee, MI 49660",MAJOR,A3900,2023-12-18,0,1,1
"JBS PLAINWELL, INC.","11 11Th Street, Plainwell, MI 49080",SM OPT OUT,B7244,2023-12-14,0,1,1
"MERSEN USA GS CORP, BAY CITY BRANCH","900 Harrison St, Bay City, MI 48708",SM OPT OUT,M0705,2023-12-13,0,1,1
MICHIGAN SUGAR COMPANY - BAY CITY,"2600 S Euclid Ave, Bay City, MI 48706",MAJOR,B1493,2023-12-12,14,1,15
"CITIZENS DISPOSAL, INC.","2361 W. Grand Blanc Rd., Grand Blanc, MI 48439",MAJOR,N5991,2023-12-07,7,1,8
LOUIS PADNOS IRON & METAL,"2001 Turner St, Grand Rapids, MI 49534",MINOR,A2457,2023-12-07,2,1,3
PARKER HANNIFIN CORPORATION,"601 S Wilmot Street, Otsego, MI 49078",MINOR,B7585,2023-12-07,0,1,1
LOUIS PADNOS IRON & METAL,"2001 Turner St, Grand Rapids, MI 49534",MINOR,A2457,2023-11-30,1,1,2
SMITHS CREEK LANDFILL,"6779  Smiths Creek Road, Smiths Creek, MI 48074",MAJOR,N6207,2023-11-29,2,3,5
CARBON GREEN BIOENERGY,"7795 Saddlebag Lake Rd, Lake Odessa, MI 48849",SM OPT OUT,N7412,2023-11-27,1,1,2
BEACON PARK FINISHING LLC,"15765 Sturgeon, Roseville, MI 48066",MINOR,B3000,2023-11-20,4,1,5
"ARBOR HILLS LANDFILL, INC.","10690 W. Six Mile Rd, Northville, MI 48168",MAJOR,N2688,2023-11-20,33,1,34
STANDARD COATING INC.,"32565  Dequindre, Madison Hts, MI 48071",MAJOR,B2363,2023-11-16,4,1,5
RACK PROCESSING MICHIGAN LCC,"3513 Lousma Dr Se, Wyoming, MI 49548",MAJOR,N7679,2023-11-15,1,1,2
"HMI HARDWOODS OF MICHIGAN, INC.","430 Division Street, Clinton, MI 49236",MINOR,N0786,2023-11-14,1,1,2
BURKE INDUSRIAL SALES INC,"4455 Airwest Dr. SW, Kentwood, MI 49512",,N6647,2023-11-14,3,1,4
"RIETH RILEY CONSTRUCTION CO., INC.","Bay Shore Pit, Bay Shore, MI 49711",MINOR,N6413,2023-11-14,0,1,1
MOTOR PRODUCTS - A DIVISION OF ALLIED MOTION TECH.,"201 S Delaney Rd, Owosso, MI 48867",SM OPT OUT,H2781,2023-11-08,2,1,3
SMITHS CREEK LANDFILL,"6779  Smiths Creek Road, Smiths Creek, MI 48074",MAJOR,N6207,2023-11-07,1,1,2
"CHEMICO SYSTEMS, INC.","50725 Richard West Blvd., Chesterfield, MI 48051",MINOR,N5722,2023-11-07,2,1,3
"DOUBLE EAGLE RNG, LLC","5742 South Pendell Road, Middleton, MI 48856",MINOR,P1193,2023-11-06,0,1,1
MICHIGAN STATE UNIVERSITY,"426 Auditorium Rd., East Lansing, MI 48824",MAJOR,K3249,2023-11-04,0,1,1
AMERICAN RACK COMPANY,"1125 Morren Court, Wayland, MI 49348",SM OPT OUT,P0893,2023-11-03,2,1,3
VENTRA FOWLERVILLE LLC,"8887 West Grand River Avenue, Fowlerville, MI 48836",MAJOR,N7413,2023-11-03,2,1,3
DART CONTAINER CORPORATION OF MICHIGAN,"432  Hogsback Rd, Mason, MI 48854",MAJOR,D8065,2023-11-02,0,1,1
ELITE CLEANROOM SERVICES,"548 S Court Street, Lapeer, MI 48446",MINOR,P0455,2023-11-01,0,1,1
MICHIGAN SUGAR COMPANY  -  SEBEWAING FACTORY,"763 N Beck St, Sebewaing, MI 48759",MAJOR,B2873,2023-11-01,5,1,6
"MICHIGAN SUGAR COMPANY, CROSWELL FACTORY","159 S Howard Ave, Croswell, MI 48422",MAJOR,B2876,2023-11-01,7,1,8
MICHIGAN AGRICULTURAL COMMODITIES-BLISSFIELD,"10895 E  Us 223, Blissfield, MI 49228",MINOR,N1810,2023-11-01,0,1,1
"ARBOR HILLS LANDFILL, INC.","10690 W. Six Mile Rd, Northville, MI 48168",MAJOR,N2688,2023-10-28,32,1,33
"BRIGHTMARK CASTOR RNG, LLC","18080 80Th Avenue, Coopersville, MI 49404",,P1125,2023-10-28,0,1,1
"BRIGHTMARK MEADOW ROCK RNG, LLC","7691 Russel Road, Greenville, MI 48838",,P1152,2023-10-28,0,1,1
"BRIGHTMARK WILLOW POINT RNG, LLC","5301 Flannigan Road, Orleans, MI 48886",,P1157,2023-10-28,0,1,1
ASH STEVENS LLC,"18655 Krause, Riverview, MI 48193",SM OPT OUT,N7519,2023-10-27,0,1,1
WOLVERINE SCRAP METAL,"1721 Chicago Drive SW, Grand Rapids, MI 49509",MINOR,P0920,2023-10-27,2,1,3
SMITHS CREEK LANDFILL,"6779  Smiths Creek Road, Smiths Creek, MI 48074",MAJOR,N6207,2023-10-26,0,1,1
INTERTAPE POLYMER GROUP,"317   Kendall Avenue, Marysville, MI 48040",MAJOR,A6220,2023-10-24,3,1,4
"ARBOR HILLS LANDFILL, INC.","10690 W. Six Mile Rd, Northville, MI 48168",MAJOR,N2688,2023-10-24,31,1,32
INDUSTRIAL METAL COATINGS INC,"6070 18 Mile Rd, Sterling Hts, MI 48314",MINOR,N5145,2023-10-24,14,1,15
"INDUSTRIAL CONTAINER SERVICES - MI, LLC","4336 Hansen St SW, Grand Rapids, MI 49548",SM OPT OUT,B1715,2023-10-20,4,1,5
"REAL ALLOY RECYCLING, LLC","267 N. Fillmore Rd, Coldwater, MI 49036",MAJOR,N5957,2023-10-20,5,1,6
"STATE FABRICATORS, INC.","30550 W 8 Mile, Farmingtn Hls, MI 48336",SM OPT OUT,P0301,2023-10-19,2,1,3
WORTHEN COATED FABRICS,"1125 41St Street SE, Grand Rapids, MI 49508",MAJOR,P0634,2023-10-18,4,1,5
BLUEWATER THERMAL SOLUTIONS,"800 S Fair Avenue, Benton Harbor, MI 49022",MINOR,P1241,2023-10-17,0,1,1
ROUSH INDUSTRIES,"36630 Commerce, Livonia, MI 48150",MAJOR,M4780,2023-10-14,0,1,1
RACK PROCESSING MICHIGAN LCC,"3513 Lousma Dr Se, Wyoming, MI 49548",MAJOR,N7679,2023-10-13,0,1,1
MAHLE INDUSTRIES INCORPORATED,"2020 Sanford Street, Muskegon Hts, MI 49444",MAJOR,A4302,2023-10-13,0,1,1
EDW C LEVY CO PLANT 6,"13800 Mellon Ave, Detroit, MI 48217",MAJOR,B4243,2023-10-12,13,1,14
MOTOR PRODUCTS - A DIVISION OF ALLIED MOTION TECH.,"201 S Delaney Rd, Owosso, MI 48867",SM OPT OUT,H2781,2023-10-12,1,1,2
"MICHIGAN SUGAR COMPANY, CARO FACTORY","819 Peninsular St., Caro, MI 48723",MAJOR,B2875,2023-10-10,9,1,10
LAPEER COUNTY ANIMAL CONTROL,"2396 W Genesee, Lapeer, MI 48846",MINOR,N5115,2023-10-10,0,1,1
CLEVELAND-CLIFFS STEEL CORPORATION DEARBORN WORKS,"4001  Miller Road, Dearborn, MI 48120",MEGASITE,A8640,2023-10-06,18,1,19
"ACCESS BUSINESS GROUP, LLC","7575 E Fulton Rd, Ada, MI 49355",SM OPT OUT,A2402,2023-10-05,1,1,2
"RECONSERVE OF MICHIGAN, INC.","170 Angell Street, Battle Creek, MI 49037",SM OPT OUT,N8081,2023-10-05,5,1,6
THE L J GASCHO FURNITURE CO,"8308 Haist Rd, Pigeon, MI 48755",SM OPT OUT,N4989,2023-10-04,1,1,2
KOREX CORP,"50000 Pontiac Trail, Wixom, MI 48393",SM OPT OUT,B5619,2023-10-03,3,1,4
"FLETCHER PRECISION MACHINE PAINTING, INC.","6795 E. 9 Mile Road, Warren, MI 48091",MINOR,P0790,2023-10-03,2,1,3
US ENERGY DISTRIBUTION LLC - NOVI TERMINAL,"40600 Grand River Avenue, Novi, MI 48375",SM OPT OUT,B2881,2023-10-03,1,1,2
METALTEC STEEL ABRASIVE CO,"41155 Joy Rd, Canton Twp, MI 48187",MINOR,N1022,2023-09-30,0,1,1
PAR STERILE PRODUCTS LLC,"870  Parkdale Rd, Rochester, MI 48307",SM OPT OUT,B2329,2023-09-29,1,1,2
AUSTEMPER INC.,"33180 Kelly Rd., Clinton Twp, MI 48085",MINOR,N7417,2023-09-29,0,1,1
"CRIMSON HOLDINGS, LLC","1336 E Maumee St, Adrian, MI 49221",MINOR,E8117,2023-09-29,8,1,9
DOUGLAS MARINE,"6780 Enterprise, Douglas, MI 49406",MINOR,N1263,2023-09-28,0,1,1
EDW C LEVY CO PLANT 6,"13800 Mellon Ave, Detroit, MI 48217",MAJOR,B4243,2023-09-28,12,1,1
"CHEMICO SYSTEMS, INC.","50725 Richard West Blvd., Chesterfield, MI 48051",MINOR,N5722,2023-09-27,1,1,2
"LTI PRINTING, INC.","518 N Centerville Rd, Sturgis, MI 49091",MINOR,A6405,2023-09-26,5,1,6
MOLD MASTERS LIMITED,"29111 Stephenson Highway, Madison Hts, MI 48071",MINOR,P0609,2023-09-26,0,1,1
PAYNE AND DOLAN INC.,"E 1/2 Se 1/4 S18 T47N R25W, Sands Twp, MI 49841",SM OPT OUT,P1204,2023-09-21,0,1,1
PREMIER FINISHES LLC,"28060 Groesbeck Hwy, Roseville, MI 48066",MINOR,N7896,2023-09-21,4,1,5
"CECIL COMPOSITES, LLC","151 Lafayette St, Mount Clemens, MI 48043",MINOR,B1772,2023-09-21,0,1,1
MANNETRON,"74 Leonard Wood Road, Battle Creek, MI 49037",MINOR,N3914,2023-09-20,0,1,1
"GM COMPONENTS HOLDINGS, LLC","2100 Burlingame Ave Sw, Wyoming, MI 49509",MINOR,A2620,2023-09-20,0,1,1
ROGERS PRINTING INC,"3350 Main St, Ravenna, MI 49451",SM OPT OUT,A4216,2023-09-20,6,1,7
"GREAT LAKES COMPOSITE, LLC","401 S Delaney Rd, Owosso, MI 48867",MAJOR,N2430,2023-09-20,2,1,3
THERMOTRON INDUSTRIES,"836 Brooks Ave, Holland, MI 49423",,B5233,2023-09-20,0,1,1
"RJ TORCHING, INC.","G-5167 N Dort Hwy, Flint, MI 48505",MINOR,N7885,2023-09-19,2,1,3
"POET BIOREFINING - CARO, LLC","1551 Empire Drive, Caro, MI 48723",MAJOR,N6996,2023-09-14,4,1,5
"MESSINA TRUCKING, INC.","6386 Auburn Road, Shelby Twp, MI 48317",MINOR,P1020,2023-09-14,5,1,6
CROSS EXCAVATING & DEMOLITION,"52071 M-51 N, Dowagiac, MI 49047",MINOR,P0060,2023-09-12,0,1,1
WILLBEE TRANSIX MIX,"2323 Brooklyn Rd, Jackson, MI 49203",MINOR,B6077,2023-09-12,0,1,1
LOUIS PADNOS IRON & METAL,"2001 Turner St, Grand Rapids, MI 49534",MINOR,A2457,2023-09-12,0,1,1
RIVERVIEW LAND PRESERVE,"20863 Grange Rd, Riverview, MI 48193",MAJOR,M4469,2023-09-08,7,1,8
ZIEBART OF MICHIGAN,,,P1226,2023-09-08,0,1,1
INDUSTRIAL METAL COATINGS INC,"6070 18 Mile Rd, Sterling Hts, MI 48314",MINOR,N5145,2023-09-08,13,1,14
BURKE INDUSRIAL SALES INC,"4455 Airwest Dr. SW, Kentwood, MI 49512",,N6647,2023-09-02,2,1,3
ANR PIPELINE COMPANY - HAMILTON COMPRESSOR STATION,"4193  134th Ave, Hamilton, MI 49419",MAJOR,N5574,2023-09-01,0,1,1
CWC TEXTRON,"1085 W. Sherman Blvd, Muskegon, MI 49441",MAJOR,B1909,2023-09-01,2,1,3
"GREAT LAKES AGGREGATES, L.L.C. - SYLVANIA MINERALS","5699 Ready Road, S Rockwood, MI 48179",MINOR,N5241,2023-08-31,0,1,1
ROSEVILLE CRUSHED CONCRETE,"29765 Groesbeck, Roseville, MI 48066",MINOR,N6658,2023-08-31,3,1,4
"LOYAL PAWS, LLC","3779 S Ortonville Road, Clarkston, MI 48348",MINOR,P0588,2023-08-31,0,1,1
"DICASTAL NORTH AMERICA, INC.","1 Dicastal Dr., Greenville, MI 48838",SM OPT OUT,N7688,2023-08-29,8,1,9
TITAN CONCRETE,"6497 East 10 Mile Rd, Center Line, MI 48015",MINOR,P1297,2023-08-28,0,2,2
KENT QUALITY FOODS,"3426 Quincy St, Hudsonville, MI 49426",MINOR,P1310,2023-08-28,0,1,1
GEORGE P JOHNSON,"1914 Taylor Point, Auburn Hills, MI 48326",MINOR,P1345,2023-08-28,0,1,1
PORTERCORP,"4240 N 136th Ave, Holland, MI 49424",MINOR,P1373,2023-08-28,0,1,1
BANDIT INDUSTRIES INC,"3372 Walton Rd, Mt Pleasant, MI 48858",MINOR,P1291,2023-08-28,0,1,1
SANDMAN TRUCKING,"3033 Eckert, Freeport, MI 49325",,P1316,2023-08-28,0,1,1
BULK GUYS LLC,"2530 Vicksburg St, Marysville, MI 48040",MINOR,P1383,2023-08-28,0,1,1
CARMEUSE LIME AND STONE,"3715 N. Chandler Rd, Duplain, MI 48879",MINOR,P1275,2023-08-28,0,1,1
MEG'S HAULING,"67401 Brian Drive, Ray Twp, MI 48096",MINOR,P1280,2023-08-28,0,2,2
SUMMIT INDUSTRIAL COATINGS,"2200 East Empire Avenue, Benton Harbor, MI 49022",MINOR,N0931,2023-08-26,1,1,2
"LAYLINE OIL & GAS, LLC- ST. A2","Nw 1/4 Nw 1/4 Of Sec 12, Harrison, MI 49665",SM OPT OUT,P1075,2023-08-23,2,1,3
"MICHIGAN SUGAR COMPANY, CARO FACTORY","819 Peninsular St., Caro, MI 48723",MAJOR,B2875,2023-08-23,8,1,9
AXALTA COATING SYSTEMS USA LLC,"400 Groesbeck Hwy, Mount Clemens, MI 48043",MAJOR,A3569,2023-08-18,2,1,3
PAYNE & DOLAN INC  C25,"C25 Portable Asphalt Plant  #218-97C, Gladstone, MI 49837",SM OPT OUT,N6297,2023-08-17,0,1,1
KALAMAZOO METAL RECYCLERS,"1525 King Highway, Kalamazoo, MI 48001",MINOR,N1373,2023-08-15,0,1,1
DECORATIVE PANELS INTERNATIONAL,"416  Ford Ave., Alpena, MI 49707",MAJOR,B1476,2023-08-10,7,1,8
RIVERVIEW LAND PRESERVE,"20863 Grange Rd, Riverview, MI 48193",MAJOR,M4469,2023-08-10,6,1,7
TRIBAR TECHNOLOGIES INC (PLANT 5),"48668 Alpha Drive, Wixom, MI 48393",MINOR,P0727,2023-08-09,5,1,6
LEADING EDGE FIBERGLASS POOL,"3090 W Cook Rd, Grand Blanc, MI 48439",SM OPT OUT,N7982,2023-08-09,2,1,3
KOREX CORP,"50000 Pontiac Trail, Wixom, MI 48393",SM OPT OUT,B5619,2023-08-09,2,1,3
TRIBAR TECHNOLOGIES INC. (PLANT 1),"30517 Andersen Court, Wixom, MI 48393",SM OPT OUT,N1581,2023-08-09,5,1,6
GRAND RAPIDS WASTEWATER TREATMENT PLANT,"1300 Market Ave SW, Grand Rapids, MI 49503",SM OPT OUT,B1729,2023-08-09,4,1,5
KAWASAKI MOTORS CORP USA,"5080 36th Street SE, Grand Rapids, MI 49152",MAJOR,P0677,2023-08-02,3,1,4
EDW C LEVY CO PLANT 6,"13800 Mellon Ave, Detroit, MI 48217",MAJOR,B4243,2023-08-02,10,2,12
DRAYTON IRON AND METAL CO,"5229 Williams Lake Rd, Drayton Plns, MI 48020",MINOR,B5465,2023-08-02,3,1,4
